# 2023 BACKTEST — FULL AI-allocation universe, point-in-time FY2023 snapshot.
# Auto-sourced by scoring/backtest/source_2023.py from stockanalysis.com
# /financials/ pages, pinned to the FY2023 column (fiscalYear/datekey == 2023).
# NO post-2023 data. fwd_rev_growth/fwd_eps_growth/pct_above_200dma/eps_beat_*
# are blank (not on historical pages) -> engine drops + reweights those
# sub-scores (AGENTS.md). Foreign mktcap = ps x FY2023 revenue, FX->USD
# (KRW/1350, HKD/7.8, EUR x1.08). Strategy classification: universe_2023.py.
ticker,mktcap_b,fwd_rev_growth,ttm_rev_growth,fwd_eps_growth,gross_margin,net_margin,fcf_positive,peg,ps_ratio,pct_above_200dma,pct_below_52w_high,eps_beat_rate,eps_beat_streak,rev_growth_hist,net_margin_hist
000660.KS,72.08,,-26.57,,-1.63,-27.81,0,0.46,2.97,,,,,-26.57|3.78|34.79,-27.81|5.0|22.33
005930.KS,385.53,,-14.32,,30.33,5.59,0,0.78,2.01,,,,,-14.32|8.09|18.07,5.59|18.11|14.04
0700.HK,319.34,,9.82,,48.13,18.92,1,1.67,4.09,,,,,9.82|-0.99|16.19,18.92|33.95|40.14
1810.HK,45.51,,-3.24,,21.21,6.45,1,0.43,1.31,,,,,-3.24|-14.7|33.53,6.45|0.88|5.89
9618.HK,41.72,,3.67,,8.77,2.23,1,,0.3,,,,,3.67|9.95|27.59,2.23|0.99|-0.37
9880.HK,4.42,,4.7,,30.61,-116.89,0,,32.64,,,,,4.7|23.38|10.4,-116.89|-96.68|-112.6
9988.HK,230.54,,1.83,,36.85,8.35,1,,2.07,,,,,1.83|18.93,8.35|7.26
AAOI,0.74,,-2.32,,27.07,-25.75,0,,3.39,,,,,-2.32|5.32|-9.83,-25.75|-29.8|-25.6
ABNB,88.08,,18.07,,82.83,48.32,1,4.11,8.88,,,,,18.07|40.17|77.38,48.32|22.54|-5.87
ADBE,278.67,,10.24,,87.87,27.97,1,2.22,14.36,,,,,10.24|11.54|22.67,27.97|27.01|30.55
ADI,79.68,,2.43,,64.01,26.94,1,2.29,6.48,,,,,2.43|64.16|30.61,26.94|22.88|19.0
ADYEY,94.17,,22.25,,100.0,42.95,1,,57.91,,,,,22.25|32.81|46.38,42.95|42.41|46.9
AEHR,0.94,,27.8,,50.41,22.41,1,1.78,14.51,,,,,27.8|206.2|-25.53,22.41|18.59|-12.21
AEIS,4.06,,-10.27,,35.78,7.9,1,1.72,2.45,,,,,-10.27|26.75|2.83,7.9|10.94|9.25
ALB,16.96,,-8.16,,90.55,63.72,0,1.34,2.52,,,,,-8.16|119.96|6.36,63.72|38.46|6.01
AMGN,154.21,,7.09,,70.02,23.83,1,2.61,5.47,,,,,7.09|1.32|2.18,23.83|24.89|22.68
AMKR,8.18,,-8.3,,14.5,5.57,1,0.71,1.26,,,,,-8.3|15.53|21.54,5.57|10.82|10.52
ANET,73.54,,33.76,,61.95,35.62,1,1.86,12.55,,,,,33.76|48.62|27.21,35.62|30.87|28.52
ANF,5.53,,15.76,,62.92,7.84,1,1.26,1.29,,,,,15.76|-0.4|18.79,7.84|0.28|7.27
APLD,0.8,,547.94,,19.87,-160.92,0,,14.49,,,,,547.94,-160.92|-263.03
APP,13.38,,-34.62,,80.64,19.37,1,1.42,7.27,,,,,-34.62|0.86|92.48,19.37|-6.85|1.27
ASX,20.63,,-13.26,,15.77,6.41,1,,1.09,,,,,-13.26|17.7|19.5,6.41|9.63|10.92
AXP,135.45,,14.64,,42.17,17.67,1,1.14,2.86,,,,,14.64|24.96|23.41,17.67|18.18|24.37
BDC,3.18,,-3.62,,38.01,9.66,1,0.86,1.26,,,,,-3.62|13.26|31.34,9.66|10.27|8.64
BESI.AS,10.51,,-19.92,,64.92,30.59,1,1.73,18.15,,,,,-19.92|-3.53|72.8,30.59|33.29|37.69
BHP,151.1,,-17.33,,40.78,26.62,1,,2.81,,,,,-17.33|14.37|46.24,26.62|34.41|24.03
BLK,120.55,,-0.08,,48.05,31.78,1,2.67,6.75,,,,,-0.08|-7.75|19.56,31.78|27.94|32.03
BMY,103.7,,-2.5,,76.24,17.86,1,37.97,2.3,,,,,-2.5|-0.49|9.1,17.86|13.75|15.12
BNTX,25.09,,-77.33,,84.71,23.71,1,,5.78,,,,,-77.33|-8.78|3834.63,23.71|54.5|54.24
BSX,84.68,,12.29,,69.49,11.18,1,2.19,5.95,,,,,12.29|6.68|19.92,11.18|5.5|8.75
BWXT,7.02,,11.8,,24.86,9.87,1,3.45,2.81,,,,,11.8|5.12|0.03,9.87|10.69|14.42
CAMT,3.12,,-1.72,,46.81,24.93,1,,9.88,,,,,-1.72|19.0|73.02,24.93|24.91|22.35
CAT,147.65,,12.84,,36.23,15.31,1,1.02,2.2,,,,,12.84|16.59|22.09,15.31|11.25|12.68
CCJ,17.47,,38.53,,30.22,13.94,1,0.93,9.59,,,,,38.53|26.65|-18.06,13.94|4.78|-6.96
CDNS,74.0,,14.83,,89.36,25.46,1,2.8,18.09,,,,,14.83|19.19|11.38,25.46|23.84|23.29
CEG,37.11,,1.96,,12.97,6.33,0,0.56,1.49,,,,,1.96|24.38|11.62,6.33|-0.68|-0.42
CELH,12.64,,101.65,,48.04,17.21,1,,9.59,,,,,101.65|107.97|140.41,17.21|-28.65|1.25
CIEN,5.94,,20.75,,42.83,5.81,1,0.94,1.35,,,,,20.75|0.33|2.51,5.81|4.21|13.81
CLS,4.61,,9.81,,9.47,3.07,1,,0.44,,,,,9.81|28.67|-1.97,3.07|2.48|1.84
CMG,62.72,,14.33,,26.2,12.45,1,1.98,6.35,,,,,14.33|14.41|26.11,12.45|10.41|8.65
COHR,7.12,,55.58,,31.36,-5.03,1,2.72,1.38,,,,,55.58|6.78|30.5,-5.03|7.08|9.58
COHU,1.67,,-21.71,,47.6,4.42,1,1.36,2.62,,,,,-21.71|-8.39|39.5,4.42|11.92|2.9
COIN,42.1,,-2.69,,86.47,3.05,1,,13.54,,,,,-2.69|-59.26|513.66,3.05|-82.18|46.23
CRDO,1.21,,72.99,,57.65,-8.98,0,,6.55,,,,,72.99|81.4,-8.98|-20.83
CRM,164.78,,18.34,,73.33,0.66,1,1.49,5.26,,,,,18.34|24.66,0.66|5.45
CRSP,5.01,,30885.48,,100.0,-41.38,0,,13.5,,,,,30885.48|-99.87|127154.94,-41.38|-54271.7|41.28
CRWD,24.97,,54.4,,73.17,-8.13,1,1.82,11.14,,,,,54.4|66.0,-8.13|-16.01
CVX,285.74,,-16.46,,39.47,10.87,1,2.24,1.45,,,,,-16.46|51.48|64.71,10.87|15.11|10.08
CYBR,9.26,,27.07,,79.23,-8.84,1,6.79,12.31,,,,,27.07|17.66|8.29,-8.84|-22.03|-16.69
DASH,39.88,,31.17,,46.86,-6.54,1,,4.62,,,,,31.17|34.68|69.37,-6.54|-20.78|-9.57
DDOG,40.19,,27.06,,80.74,2.28,1,2.24,18.88,,,,,27.06|62.82|70.48,2.28|-2.99|-2.02
DE,101.69,,16.5,,38.43,16.58,1,0.67,1.66,,,,,16.5|19.43|23.87,16.58|13.56|13.55
DELL,30.24,,1.09,,22.18,2.37,1,0.96,0.3,,,,,1.09|16.76,2.37|4.88
DHR,171.01,,-10.33,,58.74,17.67,1,,7.16,,,,,-10.33|7.42|11.3,17.67|23.75|21.96
DIOD,3.7,,-16.94,,39.61,13.88,1,,2.23,,,,,-16.94|10.83|46.85,13.88|16.96|13.09
DKNG,16.43,,63.6,,37.46,-21.86,0,,4.48,,,,,63.6|72.87|110.9,-21.86|-61.38|-117.74
DOCS,6.28,,21.98,,87.24,26.92,1,13.05,14.99,,,,,21.98|66.05,26.92|45.05
DUK,74.82,,1.01,,47.34,14.9,0,2.71,2.57,,,,,1.01|16.84|5.37,14.9|13.13|15.12
DUOL,9.65,,43.74,,73.24,3.03,1,,18.16,,,,,43.74|47.34|55.09,3.03|-16.12|-23.98
ELF,4.41,,47.61,,67.44,10.63,1,4.62,7.62,,,,,47.61|23.28,10.63|5.55
EME,10.14,,13.6,,16.6,5.03,1,1.64,0.81,,,,,13.6|11.84|12.58,5.03|3.67|3.87
EMR,55.24,,9.86,,48.97,14.91,1,1.51,3.64,,,,,9.86|6.74|-22.96,14.91|13.64|10.95
ENPH,17.93,,-1.72,,46.2,19.16,1,,7.83,,,,,-1.72|68.65|78.46,19.16|17.05|10.52
ENTG,18.02,,7.37,,42.5,5.13,1,3.94,5.11,,,,,7.37|42.77|23.64,5.13|6.37|17.8
ESTC,5.57,,23.96,,72.25,-22.09,1,,5.21,,,,,23.96|41.72,-22.09|-23.64
ETN,96.18,,11.78,,36.36,13.89,1,2.28,4.15,,,,,11.78|5.73|9.91,13.89|11.88|10.93
FCX,61.09,,0.33,,31.33,16.41,1,,2.67,,,,,0.33|-0.29|60.9,16.41|19.66|23.48
FI,116.99,,7.65,,59.83,16.47,1,,6.13,,,,,7.65|9.31|9.25,16.47|13.32|8.03
FIX,7.34,,25.76,,19.02,6.21,1,1.49,1.41,,,,,25.76|34.71|7.6,6.21|5.94|4.66
FLR,6.67,,12.59,,3.08,0.51,1,,0.43,,,,,12.59|-2.91|-10.34,0.51|0.53|-2.59
FN,4.7,,16.93,,12.71,9.37,1,1.19,1.78,,,,,16.93|20.37|14.47,9.37|8.86|7.89
FORM,3.23,,-11.34,,39.0,12.42,1,2.13,4.87,,,,,-11.34|-2.82|10.96,12.42|6.78|10.9
FSLR,18.41,,26.7,,39.19,25.03,0,0.4,5.55,,,,,26.7|-10.4|7.82,25.03|-1.69|16.03
FSLY,2.37,,16.93,,52.64,-26.3,0,,4.68,,,,,16.93|22.12|21.82,-26.3|-44.09|-62.85
FTNT,44.54,,20.09,,76.68,20.84,1,1.96,8.4,,,,,20.09|32.17|28.82,20.84|17.85|17.93
GD,71.05,,7.27,,-74.17,7.84,1,1.86,1.68,,,,,7.27|2.44|1.43,7.84|8.6|8.47
GE,110.79,,21.31,,35.11,26.73,1,1.33,3.13,,,,,21.31|-48.4|-25.54,26.73|4.64|-8.75
GFS,33.57,,-8.83,,28.42,13.77,1,,4.54,,,,,-8.83|23.13|35.74,13.77|17.83|-3.86
GILD,100.94,,-0.6,,76.04,20.7,1,0.93,3.72,,,,,-0.6|-0.09|10.6,20.7|16.74|22.71
GRMN,24.65,,7.57,,57.48,24.67,1,3.46,4.71,,,,,7.57|-2.46|19.02,24.67|20.03|21.72
GS,124.75,,-2.35,,54.17,18.41,0,1.57,2.7,,,,,-2.35|-20.18|33.17,18.41|23.77|36.46
GTLB,7.47,,67.95,,87.82,-42.26,0,,17.6,,,,,67.95|66.03,-42.26|-62.36
HIMS,1.9,,65.49,,81.99,-2.7,1,,2.18,,,,,65.49|93.81|82.77,-2.7|-12.46|-39.6
HON,136.69,,-6.93,,37.48,14.93,1,2.73,4.14,,,,,-6.93|3.12|5.38,14.93|14.01|16.31
HOOD,11.11,,37.33,,92.17,-29.01,1,,5.96,,,,,37.33|-25.18|89.46,-29.01|-75.7|-203.14
HPQ,26.03,,-14.61,,21.42,6.07,1,,0.48,,,,,-14.61|-0.87|12.04,6.07|4.98|10.31
HUBB,17.67,,8.59,,34.93,14.1,1,1.65,3.29,,,,,8.59|17.97|13.89,14.1|10.44|8.85
HUBS,28.76,,25.38,,84.41,-7.58,1,2.94,13.25,,,,,25.38|33.08|47.3,-7.58|-6.2|-5.98
HWM,22.18,,17.25,,28.12,11.52,1,1.22,3.34,,,,,17.25|13.9|-5.46,11.52|8.28|5.19
ICHR,0.99,,-36.63,,12.75,-5.3,1,0.9,1.22,,,,,-36.63|16.7|19.98,-5.3|5.69|6.46
INFY,72.14,,20.88,,30.22,16.38,1,,3.96,,,,,20.88|24.72,16.38|18.2
INTU,143.49,,12.9,,79.26,16.59,1,1.94,9.99,,,,,12.9|32.11|25.45,16.59|16.23|21.41
IONQ,2.56,,98.02,,63.22,-715.77,0,,116.14,,,,,98.02|430.3,-715.77|-435.82|-5058.89
ISRG,118.85,,14.49,,66.39,25.51,1,3.63,16.68,,,,,14.49|8.97|31.01,25.51|21.61|30.26
JBL,15.02,,3.66,,8.26,2.36,1,1.06,0.43,,,,,3.66|14.32|7.41,2.36|2.98|2.38
JPM,489.32,,21.65,,,33.3,1,,3.29,,,,,21.65|-6.57|27.75,33.3|30.8|36.92
KLIC,2.74,,-50.62,,48.3,7.7,1,1.31,3.69,,,,,-50.62|-0.92|143.54,7.7|28.83|24.2
KO,253.87,,6.4,,59.52,23.39,1,3.61,5.55,,,,,6.4|11.25|17.09,23.39|22.26|25.36
KTOS,2.62,,15.45,,25.9,0.23,1,7.63,2.53,,,,,15.45|10.7|8.53,0.23|-3.7|-0.2
